,Reference keypoints,,,,,,,YOLOv8-Poses,,,,,MediaPipe,,,,,OpenPose,,,,Euclidean Distance,,,,,,,
,Image Name,key points,X,Y,,,,X,Y,Confidence,,,X,Y,visibility,,,X,Y,Confidence,,,YOLOv8 ,,,MediaPipe ,,,OpenPose
0,data/amrit_basic,Nose,288,236,,,,286.16962,236.16386,0.99426454,,,295.5072284,227.3021698,0.998833597,,,288.677,236.435,0.967,,,1.837699933,,,11.48959216,,,0.8047074
1,data/amrit_basic,Left Eye,301,226,,,,300.08298,224.26443,0.97848594,,,301.7950058,227.6556969,0.99873215,,,304.408,224.156,0.975,,,1.962938844,,,1.836672628,,,3.874893547
2,data/amrit_basic,Right Eye,274,226,,,,273.27512,224.94516,0.9758789,,,273.0353951,228.7221432,0.999275863,,,275.462,227.392,0.921,,,1.279897824,,,2.88799688,,,2.018689674
3,data/amrit_basic,Left Ear,320,244,,,,321.05664,233.82504,0.86469066,,,311.4155889,233.9128733,0.999493241,,,323.044,239.977,0.952,,,10.22967737,,,13.24546112,,,5.044845389
4,data/amrit_basic,Right Ear,258,244,,,,256.76096,235.62585,0.8050834,,,265.0461137,236.0218763,0.998951554,,,255.558,243.677,0.931,,,8.465317971,,,10.64416159,,,2.463268763
5,data/amrit_basic,Left Shoulder,359,312,,,,345.70386,312.60483,0.9986002,,,353.7157774,315.923214,0.999978304,,,365.724,309.686,0.837,,,13.30988949,,,6.58138407,,,7.111031711
6,data/amrit_basic,Right Shoulder,225,312,,,,235.72275,317.00366,0.9987985,,,231.4923763,319.7087049,0.999909163,,,223.05,322.292,0.976,,,11.83275035,,,10.07844643,,,10.4751021
7,data/amrit_basic,Left Elbow,379,408,,,,375.2026,403.47052,0.9924017,,,379.0127993,410.7234001,0.986194611,,,375.815,396.912,0.941,,,5.910705189,,,2.723430192,,,11.5363759
8,data/amrit_basic,Right Elbow,205,413,,,,207.802,409.50455,0.9934737,,,205.8177888,413.5688782,0.945127964,,,203.549,408.755,0.929,,,4.479885568,,,0.996193235,,,4.486137091
9,data/amrit_basic,Left Wrist,404,491,,,,403.21063,491.45358,0.98425287,,,400.3747702,493.3034897,0.991801202,,,408.814,490.249,0.692,,,0.9104064,,,4.295154955,,,4.872227109
10,data/amrit_basic,Right Wrist,179,487,,,,184.097,490.6816,0.9861248,,,179.3481052,491.779995,0.984353244,,,180.193,484.767,0.991,,,6.28757406,,,4.792653658,,,2.531706539
11,data/amrit_basic,Left Hip,347,483,,,,324.87695,495.96777,0.99978715,,,324.4144678,508.9882851,0.999990821,,,349.449,498.295,0.927,,,25.6435645,,,34.4310503,,,15.4898233
12,data/amrit_basic,Right Hip,234,494,,,,254.00739,497.12067,0.99980456,,,252.8422594,509.3984127,0.999986053,,,230.643,500.985,0.994,,,20.24930211,,,24.33396502,,,7.749817675
13,data/amrit_basic,Left Knee,335,623,,,,329.08615,617.5262,0.99914074,,,330.72052,617.2821045,0.984013498,,,337.853,616.397,0.972,,,8.058294377,,,7.142007977,,,7.192997845
14,data/amrit_basic,Right Knee,244,621,,,,241.75728,614.83624,0.99928063,,,242.891854,621.5373516,0.973549187,,,237.113,636.628,0.962,,,6.559095238,,,1.231557633,,,17.07820696
15,data/amrit_basic,Left Ankle,331,714,,,,335.32294,714.6113,0.98976725,,,331.9071651,705.1985264,0.983739436,,,233.324,712.09,0.916,,,4.365947541,,,8.848100715,,,97.69467271
16,data/amrit_basic,Right Ankle,252,713,,,,245.251,712.7508,0.99121547,,,249.9394655,704.9623013,0.984632969,,,245.782,707.867,0.947,,,6.753599162,,,8.297614323,,,8.062953119
17,data/amrit_flex,Nose,295,275,,,,292.50702,273.72455,0.99218166,,,301.1196971,263.5025024,0.999647498,,,293.329,276.482,0.975,,,2.80030748,,,13.02471277,,,2.23350957
18,data/amrit_flex,Left Eye,308,264,,,,304.66815,262.3075,0.9799044,,,306.7198992,263.4801388,0.999596894,,,309.577,264.346,0.914,,,3.737081839,,,1.381634469,,,1.614510762
19,data/amrit_flex,Right Eye,282,264,,,,281.01825,263.27164,0.9646704,,,282.5638175,264.8175001,0.999767125,,,280.08,265.74,0.932,,,1.222432555,,,0.993074323,,,2.591138746
20,data/amrit_flex,Left Ear,326,274,,,,321.19592,271.79892,0.90192515,,,318.4787035,268.9461708,0.999784291,,,323.177,272.919,0.903,,,5.284310533,,,9.061517013,,,3.022894308
21,data/amrit_flex,Right Ear,267,276,,,,268.57654,274.2134,0.7329919,,,271.3843167,270.6513405,0.999469817,,,262.494,273.55,0.946,,,2.38273329,,,6.915951951,,,5.128989764
22,data/amrit_flex,Left Shoulder,351,328,,,,361.64178,338.64514,0.99847406,,,357.7514648,340.393424,0.999773204,,,355.829,331.108,0.973,,,15.05212567,,,14.11308743,,,5.742726269
23,data/amrit_flex,Right Shoulder,237,334,,,,233.57933,342.66098,0.996412,,,243.0001259,343.2024956,0.999257743,,,232.939,340.536,0.908,,,9.31201148,,,10.98578333,,,7.694869525
24,data/amrit_flex,Left Elbow,442,356,,,,433.38312,350.07324,0.99188626,,,436.9499087,353.6465168,0.96980232,,,449.146,360.329,0.973,,,10.45835097,,,5.571562166,,,8.354971993
25,data/amrit_flex,Right Elbow,163,367,,,,161.09254,358.71353,0.97630924,,,167.4317122,363.4698391,0.897509098,,,165.205,363.429,0.918,,,8.503175214,,,5.665872271,,,4.196911483
26,data/amrit_flex,Left Wrist,433,278,,,,431.60312,275.77374,0.9804065,,,431.8282843,276.6073704,0.979941726,,,430.055,277.677,0.965,,,2.628213713,,,1.819982152,,,2.962659953
27,data/amrit_flex,Right Wrist,168,291,,,,159.88676,295.89288,0.96117216,,,169.2656636,289.8658037,0.964575768,,,165.97,298.239,0.958,,,9.474436025,,,1.699501578,,,7.518245873
28,data/amrit_flex,Left Hip,354,495,,,,340.51968,518.68646,0.9994456,,,335.1542115,523.6485481,0.999920249,,,350.625,501.856,0.974,,,27.25375964,,,34.29144286,,,7.641685743
29,data/amrit_flex,Right Hip,251,497,,,,261.59253,521.833,0.99916565,,,268.7671781,526.0138988,0.99991715,,,255.438,504.678,0.923,,,26.99776992,,,34.0217422,,,8.868344152
30,data/amrit_flex,Left Knee,350,632,,,,344.73026,624.2786,0.9971102,,,342.1603203,625.5613804,0.918111265,,,349.225,621.788,0.926,,,9.348271371,,,10.14477208,,,10.24136558
31,data/amrit_flex,Right Knee,250,628,,,,256.1153,636.78674,0.9962729,,,259.3064547,627.4663925,0.889534473,,,253.925,640.186,0.676,,,10.70531148,,,9.321739926,,,12.80250839
32,data/amrit_flex,Left Ankle,344,720,,,,337.6447,713.742,0.9628554,,,345.1641798,713.5241508,0.976322412,,,348.434,728.866,0.835,,,8.919215329,,,6.579660846,,,9.912936598
33,data/amrit_flex,Right Ankle,270,724,,,,264.52716,733.0219,0.9564727,,,262.4164045,716.9594765,0.978467584,,,264.173,722.912,0.698,,,10.55209255,,,10.34794146,,,5.927703856
34,data/amrit_leg_stretch,Nose,249,372,,,,248.18484,368.51138,0.98954993,,,254.5199275,358.2348108,0.999638915,,,249.784,365.394,0.914,,,3.582590589,,,14.83071248,,,6.652359882
35,data/amrit_leg_stretch,Left Eye,261,357,,,,258.03943,354.93494,0.973853,,,259.3117297,357.9135656,0.999509692,,,262.132,355.278,0.872,,,3.609632603,,,1.919598625,,,2.060754231
36,data/amrit_leg_stretch,Right Eye,235,358,,,,238.64233,358.3583,0.95597655,,,235.0607693,359.7089529,0.999702752,,,237.658,354.936,0.981,,,3.659910753,,,1.710033022,,,4.056237173
37,data/amrit_leg_stretch,Left Ear,278,360,,,,273.4774,358.43246,0.8098698,,,270.3555822,358.5894823,0.999537587,,,280.924,357.742,0.759,,,4.786553291,,,7.773460175,,,3.694365981
38,data/amrit_leg_stretch,Right Ear,219,363,,,,224.19585,363.8109,0.60177517,,,226.2834907,361.8226528,0.99941957,,,217.537,361.893,0.969,,,5.258746622,,,7.378033786,,,1.834616581
39,data/amrit_leg_stretch,Left Shoulder,321,406,,,,309.63065,408.0658,0.9972029,,,313.3964896,410.1456642,0.999884605,,,313.463,403.112,0.947,,,11.55550298,,,8.660248373,,,8.071363763
40,data/amrit_leg_stretch,Right Shoulder,192,410,,,,195.69928,415.24228,0.98276055,,,199.3130922,418.2807446,0.99983716,,,194.186,417.304,0.803,,,6.416086979,,,11.04771688,,,7.624107292
41,data/amrit_leg_stretch,Left Elbow,340,509,,,,343.95615,490.08453,0.9932122,,,339.7150755,497.6607323,0.871570289,,,346.978,495.632,0.923,,,19.32475428,,,11.34284685,,,15.07965212
42,data/amrit_leg_stretch,Right Elbow,182,522,,,,183.40872,496.147,0.9455063,,,180.2375793,513.336134,0.791003585,,,181.413,519.587,0.677,,,25.89135186,,,8.841306542,,,2.483372304
43,data/amrit_leg_stretch,Left Wrist,275,467,,,,279.15524,465.23297,0.9785187,,,267.3751831,463.8422489,0.556568027,,,257.265,456.351,0.974,,,4.515353195,,,8.252831307,,,20.68650347
44,data/amrit_leg_stretch,Right Wrist,227,474,,,,222.03697,476.82785,0.9180397,,,231.2182546,470.7523346,0.678277314,,,228.946,473.521,0.992,,,5.71212766,,,5.323626787,,,2.004085078
45,data/amrit_leg_stretch,Left Hip,319,525,,,,314.78522,539.2146,0.9982608,,,309.612751,547.5263596,0.999950409,,,329.563,536.214,0.941,,,14.82630175,,,24.40404308,,,15.40554332
46,data/amrit_leg_stretch,Right Hip,228,529,,,,220.95233,545.89136,0.9962584,,,237.9500985,551.281786,0.999955297,,,232.892,543.635,0.918,,,18.30266907,,,24.40250902,,,15.43097175
47,data/amrit_leg_stretch,Left Knee,376,605,,,,390.37292,604.1656,0.9917275,,,390.867126,619.1381454,0.957786024,,,400.471,612.485,0.927,,,14.3971196,,,20.51630064,,,25.59013611
48,data/amrit_leg_stretch,Right Knee,164,630,,,,176.95074,619.06586,0.9837803,,,162.0000958,630.508709,0.983997583,,,164.832,625.391,0.874,,,16.94925025,,,2.063589453,,,4.683492821
49,data/amrit_leg_stretch,Left Ankle,482,694,,,,470.94598,696.05164,0.9319585,,,478.9192915,696.119833,0.979780138,,,482.391,703.957,0.936,,,11.24280147,,,3.739579763,,,9.964674104
50,data/amrit_leg_stretch,Right Ankle,194,699,,,,185.42871,713.5515,0.8971685,,,190.5738473,701.1404514,0.960400641,,,189.732,695.268,0.994,,,16.88825522,,,4.039808745,,,5.669536842
51,data/amrit_lunge,Nose,353,322,,,,353.9165,316.33032,0.99334794,,,361.2387657,307.6170444,0.999997854,,,348.738,320.429,0.975,,,5.743278119,,,16.57548403,,,4.542321543
52,data/amrit_lunge,Left Eye,336,302,,,,362.48782,303.12708,0.9420386,,,364.6529675,306.8721294,0.999996781,,,361.192,303.567,0.914,,,26.51178828,,,29.06424245,,,25.24068844
53,data/amrit_lunge,Right Eye,365,305,,,,339.23987,302.15228,0.9899497,,,341.2406087,306.4193487,0.99999845,,,336.849,300.265,0.932,,,25.91705629,,,23.80174838,,,28.54643631
54,data/amrit_lunge,Left Ear,374,309,,,,0,0,0.443777,,,359.5769405,308.2475185,0.999998689,,,373.564,303.287,0.903,,,485.1360634,,,14.4426754,,,5.729612989
55,data/amrit_lunge,Right Ear,307,305,,,,309.11868,303.55884,0.95171916,,,320.4558134,305.1046848,0.99999702,,,305.783,304.134,0.946,,,2.56237138,,,13.45622062,,,1.493668303
56,data/amrit_lunge,Left Shoulder,384,355,,,,374.39758,357.52853,0.99422246,,,372.4441051,363.8045073,0.999995232,,,376.482,352.765,0.973,,,9.929749937,,,14.5278372,,,7.843184876
57,data/amrit_lunge,Right Shoulder,268,384,,,,277.3901,374.62854,0.99897695,,,274.6654093,383.692956,0.999989033,,,262.394,380.612,0.908,,,13.26643285,,,6.672477615,,,6.550250377
58,data/amrit_lunge,Left Elbow,397,448,,,,385.0885,436.55838,0.9745548,,,392.1524763,443.0718899,0.350264698,,,401.257,443.549,0.973,,,16.51649177,,,6.912651828,,,6.15901372
59,data/amrit_lunge,Right Elbow,292,497,,,,298.37625,490.39282,0.99731344,,,296.8623698,495.4660892,0.999801934,,,289.918,499.203,0.918,,,9.182123481,,,5.098580394,,,3.031160339
60,data/amrit_lunge,Left Wrist,417,490,,,,410.01144,492.6173,0.952385,,,416.2027001,500.2626419,0.516370833,,,407.136,492.487,0.965,,,7.462588704,,,10.29356624,,,10.17269212
61,data/amrit_lunge,Right Wrist,394,527,,,,391.67453,520.02814,0.9909334,,,395.0772285,519.6185112,0.999533296,,,396.467,523.761,0.958,,,7.349465462,,,7.45967816,,,4.071512004
62,data/amrit_lunge,Left Hip,358,488,,,,353.59412,512.96643,0.9992029,,,334.9876285,516.2041664,0.999995589,,,374.679,508.124,0.974,,,25.35220711,,,36.40115722,,,26.13741412
63,data/amrit_lunge,Right Hip,261,519,,,,274.59387,521.99426,0.99958533,,,281.9543839,528.8005829,0.999991417,,,269.385,520.932,0.923,,,13.9197304,,,23.1330419,,,8.604699239
64,data/amrit_lunge,Left Knee,447,571,,,,417.72516,601.88696,0.9912122,,,435.6366277,573.4004974,0.993339241,,,425.523,574.687,0.926,,,42.55608717,,,11.61415596,,,21.79117936
65,data/amrit_lunge,Right Knee,220,655,,,,246.50972,611.23425,0.9958411,,,230.0687671,649.41926,0.996438861,,,239.294,616.475,0.676,,,51.16840947,,,11.51193854,,,43.08635586
66,data/amrit_lunge,Left Ankle,384,691,,,,394.267,646.9211,0.9263579,,,386.4847898,685.1651669,0.985882401,,,385.391,687.238,0.835,,,45.25881919,,,6.3418813,,,4.010925704
67,data/amrit_lunge,Right Ankle,148,592,,,,174.46732,651.74963,0.9492999,,,154.3357909,593.8607693,0.944192052,,,136.692,586.734,0.698,,,65.34934822,,,6.603386121,,,12.47403784
68,data/amrit_pray,Nose,308,235,,,,309.61124,230.71692,0.9903706,,,318.559134,220.6228495,0.996755421,,,310.472,232.839,0.936,,,4.576119385,,,17.83809879,,,3.283398392
69,data/amrit_pray,Left Eye,321,223,,,,322.32416,220.25912,0.9637213,,,324.0979314,222.0473766,0.995640278,,,321.154,222.983,0.951,,,3.043981419,,,3.241090888,,,0.15493547
70,data/amrit_pray,Right Eye,297,220,,,,298.63745,218.53085,0.9609852,,,297.8567183,217.8103447,0.99798739,,,297.675,219.346,0.923,,,2.199919141,,,2.351288285,,,0.939862224
71,data/amrit_pray,Left Ear,340,236,,,,336.11932,232.85263,0.82792395,,,331.9274068,231.2826157,0.998691976,,,341.892,234.278,0.945,,,4.996560335,,,9.349891773,,,2.558309598
72,data/amrit_pray,Right Ear,276,231,,,,279.9716,229.16507,0.786187,,,284.9858344,226.4349699,0.99733007,,,277.126,231.439,0.913,,,4.374994247,,,10.07892449,,,1.208551612
73,data/amrit_pray,Left Shoulder,383,303,,,,362.74615,310.76733,0.9985611,,,368.4603453,311.7030859,0.999924064,,,377.847,310.569,0.962,,,21.69216115,,,16.94536113,,,9.156591615
74,data/amrit_pray,Right Shoulder,231,306,,,,245.73814,307.65747,0.9980259,,,246.1534381,312.5188351,0.999724448,,,235.367,321.274,0.774,,,14.83104775,,,16.49611762,,,15.8860242
75,data/amrit_pray,Left Elbow,387,421,,,,383.55627,408.3636,0.99346054,,,383.4382653,412.8814697,0.804032505,,,384.458,414.893,0.954,,,13.09724709,,,8.865466017,,,6.614923507
76,data/amrit_pray,Right Elbow,229,422,,,,235.02174,403.32303,0.9897335,,,232.9761028,414.0479565,0.524069965,,,226.412,412.542,0.825,,,19.62372444,,,8.890691203,,,9.805687533
77,data/amrit_pray,Left Wrist,321,360,,,,316.63632,359.94135,0.9872406,,,312.3715997,354.1386604,0.578431249,,,321.712,355.194,0.887,,,4.364074125,,,10.43094405,,,4.858454487
78,data/amrit_pray,Right Wrist,286,361,,,,290.284,360.81317,0.9820479,,,290.9464717,355.8819056,0.576593637,,,293.598,360.286,0.933,,,4.288071997,,,7.117757577,,,7.631474301
79,data/amrit_pray,Left Hip,360,460,,,,340.67627,483.46848,0.9996449,,,337.5832915,486.1614227,0.999991536,,,354.265,480.364,0.944,,,30.40026471,,,34.45183388,,,21.1561509
80,data/amrit_pray,Right Hip,255,463,,,,261.8799,482.09933,0.99957234,,,267.3976064,484.6571922,0.999990106,,,249.451,483.721,0.789,,,20.30067562,,,24.95465125,,,21.45113615
81,data/amrit_pray,Left Knee,340,624,,,,342.5545,604.0478,0.99892837,,,333.9255095,613.5230541,0.922678709,,,345.319,608.486,0.918,,,20.11506289,,,12.11056689,,,16.40048649
82,data/amrit_pray,Right Knee,256,625,,,,256.37628,605.7925,0.99881387,,,263.5230482,604.0803432,0.86889559,,,260.783,615.229,0.901,,,19.21118536,,,22.23124586,,,10.87885702
83,data/amrit_pray,Left Ankle,336,696,,,,331.1026,706.9361,0.9852496,,,331.6917658,705.7177544,0.952455401,,,330.496,710.395,0.928,,,11.98260447,,,10.62994035,,,15.41136078
84,data/amrit_pray,Right Ankle,270,694,,,,272.4257,713.9902,0.9844148,,,269.8110938,702.8883457,0.959816277,,,265.718,708.462,0.798,,,20.13683482,,,8.890352927,,,15.08260481
85,data/amrit_squat,Nose,301,297,,,,298.14355,293.29562,0.9910754,,,308.5813522,286.9621992,0.999999881,,,301.834,294.672,0.947,,,4.677791978,,,12.57912343,,,2.472880911
86,data/amrit_squat,Left Eye,313,283,,,,311.51227,283.1084,0.97014636,,,314.3889785,287.0752811,0.999999642,,,312.291,282.346,0.962,,,1.49167393,,,4.305482275,,,0.964570889
87,data/amrit_squat,Right Eye,286,282,,,,284.8778,283.39902,0.97272825,,,287.902683,286.6677284,0.999999881,,,289.574,283.178,0.924,,,1.793485378,,,5.0406241,,,3.763131675
88,data/amrit_squat,Left Ear,332,296,,,,329.5605,292.44586,0.7924238,,,324.0074158,290.6419754,0.999999762,,,329.568,292.497,0.953,,,4.31080867,,,9.622360949,,,4.264461631
89,data/amrit_squat,Right Ear,266,296,,,,265.82425,292.60083,0.81007814,,,273.760736,291.4827824,0.999999642,,,267.394,290.261,0.918,,,3.403710439,,,8.979659139,,,5.905874787
90,data/amrit_squat,Left Shoulder,352,322,,,,344.49463,343.86456,0.99583,,,353.0072093,335.9032631,0.999997139,,,352.483,339.728,0.939,,,23.1168675,,,13.93969853,,,17.73457846
91,data/amrit_squat,Right Shoulder,240,324,,,,251.04312,339.12744,0.9969597,,,249.2628157,330.7695389,0.999992251,,,257.187,329.394,0.789,,,18.72938708,,,11.47285542,,,18.01355615
92,data/amrit_squat,Left Elbow,371,381,,,,373.7744,385.06833,0.9812486,,,374.7758746,384.948945,0.995980859,,,365.874,386.561,0.957,,,4.924287192,,,5.463643114,,,7.563107628
93,data/amrit_squat,Right Elbow,235,378,,,,231.91682,371.19287,0.9858782,,,231.2267661,374.9792576,0.995900333,,,224.513,376.482,0.803,,,7.472818595,,,4.833443776,,,10.59629619
94,data/amrit_squat,Left Wrist,399,417,,,,396.66772,423.136,0.9688825,,,395.0946093,421.4242458,0.998665094,,,400.267,415.635,0.944,,,6.564299353,,,5.901358151,,,1.862394695
95,data/amrit_squat,Right Wrist,212,416,,,,218.60536,408.46448,0.9743603,,,217.4111366,410.7316017,0.998611569,,,211.829,408.324,0.912,,,10.02072065,,,7.552246029,,,7.677904467
96,data/amrit_squat,Left Hip,342,440,,,,328.03992,462.3607,0.99896157,,,329.7812462,460.5933666,0.999974608,,,337.658,447.842,0.932,,,26.3606665,,,23.94545246,,,8.963812135
97,data/amrit_squat,Right Hip,263,443,,,,263.18353,459.7218,0.99904364,,,266.2962377,462.0122433,0.999968052,,,249.921,452.481,0.782,,,16.72280714,,,19.29586943,,,16.15393457
98,data/amrit_squat,Left Knee,361,548,,,,338.7539,544.5986,0.9964495,,,358.6520433,546.3862896,0.987014532,,,359.218,546.139,0.926,,,22.50463257,,,2.849028208,,,2.576595622
99,data/amrit_squat,Right Knee,228,549,,,,239.97438,538.3918,0.9970278,,,229.632318,551.9198418,0.981811106,,,228.671,549.278,0.909,,,15.99748992,,,3.345136478,,,0.726309163
100,data/amrit_squat,Left Ankle,352,624,,,,361.88824,626.21765,0.97782,,,350.4139423,623.1616974,0.969512522,,,346.784,623.384,0.934,,,10.13386707,,,1.793970507,,,5.25224828
101,data/amrit_squat,Right Ankle,251,620,,,,245.54257,621.0749,0.98103356,,,251.9972384,619.3193436,0.951017439,,,250.536,632.749,0.801,,,5.562279408,,,1.207384612,,,12.75744085
102,data/amrit_surya_four,Nose,323,305,,,,320.91144,300.6415,0.9749577,,,328.1979561,296.2391853,0.999170184,,,321.728,303.492,0.953,,,4.833074086,,,10.18678659,,,1.972827413
103,data/amrit_surya_four,Left Eye,333,291,,,,331.93008,292.00012,0.9245103,,,332.1030736,295.0168371,0.998732865,,,335.134,289.368,0.967,,,1.464571207,,,4.115757211,,,2.686518193
104,data/amrit_surya_four,Right Eye,313,290,,,,309.07568,289.72144,0.9542839,,,312.6435399,296.5539932,0.999094248,,,312.849,290.413,0.939,,,3.93419409,,,6.563679684,,,0.439738559
105,data/amrit_surya_four,Left Ear,347,292,,,,342.567,294.41513,0.5556693,,,337.7869248,294.1703796,0.998462677,,,347.624,294.682,0.956,,,5.04820185,,,9.465268179,,,2.753633963
106,data/amrit_surya_four,Right Ear,294,295,,,,285.79877,288.8838,0.7558536,,,300.1008153,292.6766872,0.998018384,,,292.576,292.719,0.921,,,10.23074171,,,6.528225598,,,2.689002975
107,data/amrit_surya_four,Left Shoulder,355,339,,,,359.97968,324.97787,0.97579485,,,354.769063,329.7353745,0.994751871,,,357.184,341.832,0.946,,,14.88009888,,,9.267503357,,,3.576322133
108,data/amrit_surya_four,Right Shoulder,286,334,,,,267.6899,320.3506,0.9723504,,,275.9077191,321.9116211,0.98196584,,,293.473,321.368,0.804,,,22.83781694,,,15.74747718,,,14.67695994
109,data/amrit_surya_four,Left Elbow,365,247,,,,360.90393,239.47508,0.86712426,,,360.4378939,246.4585781,0.704675257,,,361.497,247.561,0.964,,,8.567508999,,,4.594121246,,,3.547637242
110,data/amrit_surya_four,Right Elbow,277,245,,,,290.20453,241.62695,0.8555764,,,283.5665345,243.1512833,0.709451735,,,281.392,228.678,0.818,,,13.62853913,,,6.821812747,,,16.90258406
111,data/amrit_surya_four,Left Wrist,348,159,,,,347.08676,175.39108,0.73399246,,,343.0787086,165.4047251,0.672312737,,,341.279,160.486,0.954,,,16.41650118,,,8.077104175,,,6.883315843
112,data/amrit_surya_four,Right Wrist,302,160,,,,303.2936,172.18102,0.72354126,,,305.8929205,162.0140791,0.759929657,,,305.937,157.294,0.916,,,12.24951628,,,4.383074785,,,4.777280084
113,data/amrit_surya_four,Left Hip,349,465,,,,338.22223,498.52118,0.9911566,,,330.5484295,494.2713261,0.999760449,,,344.635,471.823,0.941,,,35.21121746,,,34.60160378,,,8.099787281
114,data/amrit_surya_four,Right Hip,267,456,,,,276.01108,486.26434,0.9905646,,,273.6419141,485.379076,0.999640346,,,260.842,454.527,0.793,,,31.57736275,,,30.12051012,,,6.331721172
115,data/amrit_surya_four,Left Knee,320,612,,,,304.37543,584.8117,0.9858139,,,322.097075,606.7193985,0.844831109,,,321.176,602.184,0.929,,,31.35810652,,,5.681766953,,,9.88619401
116,data/amrit_surya_four,Right Knee,174,553,,,,232.19113,524.02216,0.9845131,,,179.0914357,543.7449932,0.83890754,,,177.486,537.629,0.914,,,65.00709824,,,10.56304255,,,15.76133995
117,data/amrit_surya_four,Left Ankle,303,714,,,,320.03238,676.4525,0.96598923,,,301.7664313,703.3967495,0.879820287,,,294.738,715.234,0.937,,,41.23004638,,,10.67476524,,,8.353645911
118,data/amrit_surya_four,Right Ankle,294,539,,,,283.441,579.38654,0.9672888,,,288.5253668,541.1881924,0.276573926,,,293.495,538.728,0.806,,,41.74404262,,,5.895743778,,,0.573593061
119,data/amrit_surya_three,Nose,389,427,,,,382.36597,424.13727,0.95998555,,,398.1372356,431.4579964,0.999983907,,,388.123,430.456,0.912,,,7.225342697,,,10.16675006,,,3.565538529
120,data/amrit_surya_three,Left Eye,401,440,,,,400.9268,431.12064,0.9225519,,,397.5458622,435.5055332,0.999982595,,,401.789,442.321,0.895,,,8.879661719,,,5.668447725,,,2.451440801
121,data/amrit_surya_three,Right Eye,399,419,,,,392.28732,410.5884,0.79158425,,,399.1751075,422.9375362,0.999994159,,,397.456,419.234,0.921,,,10.76174184,,,3.941427948,,,1.561631198
122,data/amrit_surya_three,Left Ear,391,468,,,,410.55374,457.30496,0.7647658,,,393.5642123,454.7329903,0.999967575,,,389.654,468.789,0.889,,,22.28749938,,,13.51253981,,,1.560204153
123,data/amrit_surya_three,Right Ear,390,414,,,,0,0,0.35958195,,,397.7954507,426.621151,0.999982119,,,388.321,409.987,0.903,,,568.7670877,,,14.83450381,,,4.350081608
124,data/amrit_surya_three,Left Shoulder,368,503,,,,362.64246,493.26492,0.9960355,,,352.6958585,498.6729145,0.999828339,,,353.987,503.654,0.87,,,11.11193131,,,15.90410062,,,14.0282531
125,data/amrit_surya_three,Right Shoulder,357,400,,,,339.37762,393.0885,0.9770907,,,342.01895,389.88657,0.999989152,,,341.654,370.123,0.912,,,18.92926594,,,18.07521304,,,33.58771866
126,data/amrit_surya_three,Left Elbow,357,560,,,,355.89868,560.5651,0.99501425,,,357.3667288,567.8649902,0.93051523,,,353.321,564.789,0.925,,,1.237838339,,,7.873535507,,,6.039003395
127,data/amrit_surya_three,Right Elbow,314,316,,,,312.97836,302.42636,0.9579444,,,317.4926519,310.1014614,0.995303869,,,323.456,305.987,0.899,,,13.61203332,,,6.855025533,,,13.77229483
128,data/amrit_surya_three,Left Wrist,371,619,,,,369.80634,616.91534,0.98466915,,,367.677784,628.1722546,0.633218706,,,372.789,617.456,0.883,,,2.402213877,,,9.755376627,,,2.363145573
129,data/amrit_surya_three,Right Wrist,319,228,,,,312.5046,228.9627,0.9181046,,,317.1016216,223.3479738,0.993148744,,,316.123,232.654,0.908,,,6.566354578,,,5.024458975,,,5.471457301
130,data/amrit_surya_three,Left Hip,298,492,,,,277.06567,501.34537,0.9988411,,,262.9809916,506.9709778,0.999852419,,,285.456,499.321,0.921,,,22.9255777,,,38.08491992,,,14.52408266
131,data/amrit_surya_three,Right Hip,223,443,,,,245.34776,463.0014,0.9966149,,,217.9887235,489.7382259,0.999967217,,,223.789,440.123,0.868,,,29.99130506,,,47.00611296,,,2.983228117
132,data/amrit_surya_three,Left Knee,326,584,,,,321.71735,587.93146,0.993569,,,321.9851732,583.059454,0.727388144,,,316.654,574.789,0.887,,,5.813559044,,,4.123525297,,,13.12212776
133,data/amrit_surya_three,Right Knee,179,583,,,,196.02058,566.45715,0.9848008,,,181.9021225,588.3151054,0.989074171,,,165.987,593.456,0.894,,,23.73533294,,,6.055795638,,,16.69329521
134,data/amrit_surya_three,Left Ankle,364,656,,,,330.4098,661.10504,0.9248062,,,371.6846466,668.3425903,0.960627198,,,361.321,664.789,0.912,,,33.97591749,,,14.5393717,,,9.188229536
135,data/amrit_surya_three,Right Ankle,150,664,,,,149.27245,668.1973,0.876585,,,147.9738146,680.1252842,0.988578796,,,150.654,663.123,0.904,,,4.259889235,,,16.25208349,,,1.094004113
136,data/amrit_t_pose,Nose,302,288,,,,301.8491,284.34964,0.9946903,,,307.9708099,274.2694378,0.999741733,,,300.456,286.789,0.914,,,3.65347765,,,14.97260531,,,1.962258138
137,data/amrit_t_pose,Left Eye,313,274,,,,313.6792,272.20178,0.9794709,,,314.2438531,274.5373726,0.99974376,,,317.123,276.456,0.892,,,1.922214298,,,1.354968566,,,4.799069181
138,data/amrit_t_pose,Right Eye,290,275,,,,288.6275,274.391,0.98470646,,,290.3923273,274.7410774,0.999807417,,,285.654,276.789,0.901,,,1.501544954,,,0.470065546,,,4.699812443
139,data/amrit_t_pose,Left Ear,330,282,,,,331.80954,276.93176,0.82081294,,,323.7199903,278.05264,0.999772489,,,331.987,277.654,0.88,,,5.381588214,,,7.417558472,,,4.77869072
140,data/amrit_t_pose,Right Ear,274,284,,,,273.1705,281.6737,0.8462156,,,279.8913538,280.3540707,0.999307275,,,275.321,284.987,0.918,,,2.469765564,,,6.928264636,,,1.649002729
141,data/amrit_t_pose,Left Shoulder,359,323,,,,365.34396,337.4959,0.9967368,,,364.7272468,340.620327,0.999848485,,,359.456,329.123,0.868,,,15.82330387,,,18.52774349,,,6.139956433
142,data/amrit_t_pose,Right Shoulder,248,323,,,,247.805,336.32324,0.9972395,,,246.5010345,338.5762691,0.999257505,,,237.789,350.456,0.904,,,13.32466694,,,15.6482286,,,29.29328348
143,data/amrit_t_pose,Left Elbow,444,344,,,,450.46176,346.3837,0.97304505,,,437.6621246,348.0721235,0.98145169,,,456.321,345.789,0.919,,,6.887406478,,,7.53331628,,,12.45020329
144,data/amrit_t_pose,Right Elbow,159,342,,,,163.7555,336.45233,0.98274386,,,170.2811837,340.3259993,0.937571824,,,170.654,335.123,0.887,,,7.306943457,,,11.40470888,,,13.53177169
145,data/amrit_t_pose,Left Wrist,525,335,,,,527.31824,336.76273,0.9381136,,,522.1415877,337.6350403,0.974997342,,,525.789,329.456,0.905,,,2.912293555,,,3.887667421,,,5.59986223
146,data/amrit_t_pose,Right Wrist,89,331,,,,88.71199,326.55,0.96143687,,,86.5732491,333.168149,0.834665596,,,90.321,334.789,0.923,,,4.459310458,,,3.25422648,,,4.012675168
147,data/amrit_t_pose,Left Hip,346,486,,,,332.792,511.08212,0.999091,,,335.5825782,525.9958267,0.999945521,,,345.654,497.123,0.881,,,28.34720458,,,41.33024114,,,11.12838016
148,data/amrit_t_pose,Right Hip,257,489,,,,262.1607,510.23654,0.9992343,,,271.5979636,528.1912327,0.999927878,,,257.456,495.789,0.873,,,21.85459804,,,41.82168408,,,6.804296951
149,data/amrit_t_pose,Left Knee,346,643,,,,333.38504,619.01746,0.9953696,,,342.9595828,623.3839512,0.954020619,,,337.789,626.456,0.916,,,27.09796008,,,19.85027727,,,18.46955487
150,data/amrit_t_pose,Right Knee,250,638,,,,254.6229,617.3368,0.9965675,,,257.1547329,623.7085342,0.893721819,,,247.123,633.654,0.893,,,21.17401801,,,15.98237145,,,5.211990503
151,data/amrit_t_pose,Left Ankle,344,709,,,,339.85138,712.36945,0.9590312,,,343.1528091,708.6647987,0.95893234,,,341.654,716.321,0.908,,,5.34455248,,,0.911093977,,,7.687701672
152,data/amrit_t_pose,Right Ankle,260,708,,,,254.39511,711.5043,0.9667336,,,260.3203118,709.4467163,0.945017219,,,257.789,712.456,0.894,,,6.610212584,,,1.481751571,,,4.974380062
153,data/amrit_zigzag,Nose,284,247,,,,283.9572,242.0913,0.9943956,,,292.4646556,234.1797113,0.998433411,,,282.456,247.789,0.912,,,4.908886588,,,15.36262335,,,1.733913781
154,data/amrit_zigzag,Left Eye,297,236,,,,296.66214,231.87512,0.97069204,,,298.1211841,234.5550776,0.997862875,,,297.123,234.456,0.898,,,4.138693561,,,1.82889439,,,1.548891539
155,data/amrit_zigzag,Right Eye,271,234,,,,271.95267,231.2485,0.98158044,,,273.5754132,234.3523741,0.999423027,,,269.654,233.789,0.905,,,2.91175761,,,2.599407775,,,1.362437888
156,data/amrit_zigzag,Left Ear,311,247,,,,313.23044,242.52231,0.7984989,,,304.8071265,240.088129,0.998720407,,,314.987,245.654,0.887,,,5.00245643,,,9.280390187,,,4.208073787
157,data/amrit_zigzag,Right Ear,254,247,,,,253.79236,241.16061,0.8496264,,,260.1362944,241.4470196,0.999081969,,,251.321,246.123,0.911,,,5.843080518,,,8.275850416,,,2.818895174
158,data/amrit_zigzag,Left Shoulder,334,293,,,,341.615,311.2426,0.9986519,,,337.8640294,309.3361139,0.999877214,,,333.456,304.789,0.875,,,19.7681734,,,16.78688004,,,11.80154469
159,data/amrit_zigzag,Right Shoulder,214,298,,,,227.26387,310.6494,0.99848276,,,221.7734277,312.161541,0.999888897,,,215.789,317.456,0.903,,,18.32859972,,,16.15473372,,,19.53807711
160,data/amrit_zigzag,Left Elbow,420,319,,,,412.0265,316.92133,0.9919063,,,420.8168864,321.1240768,0.973600268,,,428.654,330.987,0.923,,,8.239998254,,,2.275742926,,,14.7844474
161,data/amrit_zigzag,Right Elbow,181,385,,,,186.25955,373.6869,0.9914677,,,184.8197222,388.9512062,0.867260575,,,183.321,380.654,0.884,,,12.47594076,,,5.495662653,,,4.926941952
162,data/amrit_zigzag,Left Wrist,433,237,,,,421.71136,228.58118,0.9807371,,,429.707551,236.2617493,0.974312127,,,431.789,230.123,0.918,,,14.08225562,,,3.37420132,,,6.982811039
163,data/amrit_zigzag,Right Wrist,163,452,,,,165.5412,448.7602,0.98213863,,,169.5506752,455.8588028,0.937966943,,,166.654,452.321,0.894,,,4.117523707,,,7.602743188,,,3.668072655
164,data/amrit_zigzag,Left Hip,323,458,,,,316.65475,488.31363,0.99973804,,,310.0844622,493.5442448,0.999951482,,,333.123,471.654,0.888,,,30.97060479,,,37.81804402,,,16.99725993
165,data/amrit_zigzag,Right Hip,228,448,,,,243.34206,484.28955,0.9997416,,,243.6357558,494.5692539,0.999951005,,,228.456,465.987,0.877,,,39.39936858,,,49.12404981,,,17.99277925
166,data/amrit_zigzag,Left Knee,329,607,,,,320.35333,598.64764,0.9988863,,,326.5620947,604.287529,0.899702251,,,319.789,591.321,0.899,,,12.02193078,,,3.647037329,,,18.18443186
167,data/amrit_zigzag,Right Knee,225,608,,,,230.00827,591.9156,0.99903107,,,231.1788082,601.0130405,0.856650591,,,227.654,596.789,0.885,,,16.84608832,,,9.327125676,,,11.52086095
168,data/amrit_zigzag,Left Ankle,336,683,,,,335.46222,681.9986,0.9871143,,,332.1310401,683.0145836,0.924659193,,,328.321,689.456,0.911,,,1.136665865,,,3.868987389,,,10.0322967
169,data/amrit_zigzag,Right Ankle,238,675,,,,239.03857,688.19446,0.9879864,,,236.8867099,677.0235062,0.889932513,,,239.456,674.123,0.893,,,13.23527115,,,2.309543674,,,1.699724978
170,data/pavan_dance,Nose,309,253,,,,307.6235,253.75093,0.9914957,,,321.321702,245.9473372,0.998430431,,,309.456,249.123,0.917,,,1.56800769,,,14.19733755,,,3.903724504
171,data/pavan_dance,Left Eye,321,242,,,,318.15753,244.33693,0.9789929,,,325.8403659,245.8885908,0.998424649,,,325.789,241.654,0.894,,,3.679793136,,,6.208887213,,,4.801482792
172,data/pavan_dance,Right Eye,302,248,,,,299.14783,245.10437,0.949565,,,306.4940214,246.3292122,0.999207318,,,297.321,248.987,0.908,,,4.064424536,,,4.794555286,,,4.781967168
173,data/pavan_dance,Left Ear,343,249,,,,341.6364,250.86414,0.9402963,,,336.6592884,249.9694824,0.998669386,,,342.654,248.321,0.882,,,2.309636963,,,6.414399401,,,0.762074143
174,data/pavan_dance,Right Ear,294,258,,,,297.80695,256.88715,0.60858786,,,302.6473045,251.5439034,0.998611927,,,294.987,258.654,0.921,,,3.96627072,,,10.79152722,,,1.184012247
175,data/pavan_dance,Left Shoulder,363,288,,,,393.54022,290.47803,0.9990054,,,373.5900521,303.8682461,0.999806941,,,374.321,290.789,0.874,,,30.64058861,,,19.0774851,,,11.65948378
176,data/pavan_dance,Right Shoulder,278,307,,,,274.46042,312.35883,0.997698,,,282.2134137,319.9482918,0.999187768,,,273.456,313.123,0.899,,,6.422280401,,,13.61657501,,,7.624897704
177,data/pavan_dance,Left Elbow,437,251,,,,445.0689,240.39246,0.9942905,,,444.7050333,247.0215797,0.986112654,,,446.789,253.654,0.926,,,13.32767992,,,8.67152616,,,10.14239799
178,data/pavan_dance,Right Elbow,227,354,,,,230.2042,341.53992,0.9857858,,,225.3202558,347.6849556,0.796436787,,,221.123,351.789,0.887,,,12.86547672,,,6.534625202,,,6.27914405
179,data/pavan_dance,Left Wrist,476,166,,,,474.043,155.5818,0.9744212,,,475.2896905,159.7354531,0.995038211,,,481.456,162.321,0.916,,,10.60041227,,,6.304687708,,,6.580499753
180,data/pavan_dance,Right Wrist,204,287,,,,202.08728,287.29184,0.9477083,,,207.6036572,283.4334612,0.973569095,,,208.789,293.654,0.895,,,1.934856166,,,5.07016219,,,8.198184982
181,data/pavan_dance,Left Hip,353,453,,,,336.32855,457.2905,0.99966955,,,326.0684252,462.7939701,0.999861956,,,353.123,444.987,0.889,,,17.21469243,,,28.65713825,,,8.013943973
182,data/pavan_dance,Right Hip,272,419,,,,258.8209,446.72787,0.99952316,,,280.2695632,444.1393852,0.999821126,,,271.654,412.321,0.871,,,30.70054481,,,26.464587,,,6.687956115
183,data/pavan_dance,Left Knee,304,572,,,,304.3105,558.77905,0.9982988,,,306.7560196,580.9101105,0.983289838,,,304.789,572.654,0.901,,,13.22459561,,,9.326613139,,,1.024810714
184,data/pavan_dance,Right Knee,163,461,,,,185.918,494.29535,0.9976446,,,167.5893545,463.7731552,0.982681572,,,158.321,452.789,0.884,,,40.42047817,,,5.362141801,,,9.450585273
185,data/pavan_dance,Left Ankle,302,662,,,,286.51678,677.3793,0.98079693,,,302.6478767,664.8656845,0.96377027,,,305.456,663.123,0.907,,,21.82322089,,,2.938008165,,,3.633877406
186,data/pavan_dance,Right Ankle,185,586,,,,179.76505,572.92163,0.97832346,,,184.6328259,588.6304379,0.966892898,,,180.654,589.456,0.879,,,14.08717372,,,2.655940538,,,5.552625685
187,data/pavan_flamingo,Nose,318,231,,,,320.93073,228.42938,0.99312454,,,322.2663403,218.9248085,0.999992847,,,317.123,227.456,0.903,,,3.898367032,,,12.80671343,,,3.650899204
188,data/pavan_flamingo,Left Eye,327,217,,,,327.75607,217.00833,0.96953803,,,327.4564147,218.8534021,0.99999249,,,329.789,217.654,0.887,,,0.756115886,,,1.908772868,,,2.864653033
189,data/pavan_flamingo,Right Eye,307,220,,,,305.02853,218.61848,0.97091955,,,307.2674632,222.1163511,0.999995828,,,308.321,218.987,0.912,,,2.407341162,,,2.133185098,,,1.664695167
190,data/pavan_flamingo,Left Ear,343,221,,,,342.6057,221.78139,0.8065324,,,335.8413577,223.1978893,0.999997377,,,344.654,224.321,0.881,,,0.875238723,,,7.48844957,,,3.710088543
191,data/pavan_flamingo,Right Ear,290,231,,,,288.8015,229.54681,0.808249,,,298.2892156,227.1153212,0.99998641,,,288.123,232.654,0.905,,,1.883656929,,,9.154333639,,,2.501768375
192,data/pavan_flamingo,Left Shoulder,367,288,,,,364.58002,292.17084,0.9987147,,,361.4001274,298.0373859,0.999994159,,,367.789,316.123,0.873,,,4.82205449,,,11.49381092,,,28.13406565
193,data/pavan_flamingo,Right Shoulder,265,272,,,,281.8659,289.04224,0.9981939,,,271.1373925,283.3863258,0.999938011,,,265.456,277.789,0.899,,,23.97699996,,,12.93506873,,,5.806931806
194,data/pavan_flamingo,Left Elbow,404,365,,,,397.588,357.72534,0.99222434,,,402.1538258,357.931447,0.982747495,,,402.321,357.654,0.922,,,9.697134737,,,7.305669061,,,7.535433431
195,data/pavan_flamingo,Right Elbow,229,352,,,,228.30156,354.98477,0.99041945,,,234.8100185,350.5690813,0.994402945,,,227.789,346.321,0.887,,,3.065398895,,,5.983631317,,,5.80668253
196,data/pavan_flamingo,Left Wrist,460,357,,,,459.684,354.47726,0.97947145,,,460.899353,356.2526941,0.998088062,,,455.456,352.987,0.912,,,2.542454151,,,1.169316865,,,6.062351441
197,data/pavan_flamingo,Right Wrist,182,361,,,,174.91899,362.9873,0.9792985,,,179.936707,365.4613256,0.98999095,,,180.654,359.123,0.89,,,7.354594748,,,4.915343776,,,2.309728339
198,data/pavan_flamingo,Left Hip,342,442,,,,322.55286,453.78415,0.99944896,,,322.2768188,446.2934017,0.999994636,,,337.123,419.654,0.883,,,22.73889719,,,20.18507312,,,22.87201008
199,data/pavan_flamingo,Right Hip,258,426,,,,272.94385,446.94562,0.9993814,,,277.3023427,442.3924923,0.999986887,,,250.789,412.321,0.875,,,25.7300923,,,25.32378794,,,15.46329726
200,data/pavan_flamingo,Left Knee,322,569,,,,316.27295,565.6149,0.9965669,,,312.6211524,566.3428783,0.992196083,,,321.654,585.789,0.902,,,6.652668916,,,9.747978139,,,16.79256493
201,data/pavan_flamingo,Right Knee,300,559,,,,284.08322,543.81573,0.9965708,,,302.9422045,562.6180649,0.999894142,,,286.321,580.456,0.891,,,21.99786219,,,4.663363663,,,25.44552961
202,data/pavan_flamingo,Left Ankle,290,672,,,,260.267,628.1024,0.9570588,,,293.2339132,670.5332756,0.998672247,,,288.789,678.123,0.965,,,53.01934152,,,3.550982249,,,6.241606364
203,data/pavan_flamingo,Right Ankle,182,558,,,,224.78903,592.8199,0.9579174,,,192.5127268,552.8799057,0.998896956,,,181.456,553.789,0.874,,,55.16635319,,,11.6932797,,,4.245993052
204,data/pavan_full_stop,Nose,297,267,,,,297.23242,262.75027,0.99059206,,,301.3085961,255.8043718,0.999009967,,,297.456,260.789,0.905,,,4.256080841,,,11.99608647,,,6.227716837
205,data/pavan_full_stop,Left Eye,306,256,,,,306.4906,253.62364,0.9698267,,,306.0655832,255.3723097,0.998902798,,,308.123,257.654,0.889,,,2.426473822,,,0.631107195,,,2.691253425
206,data/pavan_full_stop,Right Eye,286,257,,,,286.24762,255.76265,0.9679482,,,286.7194176,258.5045576,0.999319792,,,283.654,257.987,0.913,,,1.261883785,,,1.66770958,,,2.545168953
207,data/pavan_full_stop,Left Ear,321,261,,,,321.56235,261.84283,0.81411165,,,313.8120532,260.1431608,0.99944216,,,321.789,259.321,0.882,,,1.013212678,,,7.238836407,,,1.855144738
208,data/pavan_full_stop,Right Ear,273,266,,,,274.09314,266.69745,0.752239,,,277.3124099,264.9472713,0.998683751,,,273.456,268.654,0.989,,,1.296684835,,,4.439044556,,,2.692889155
209,data/pavan_full_stop,Left Shoulder,356,309,,,,346.18027,315.99255,0.9969469,,,343.9941645,318.3047295,0.99983108,,,352.321,312.987,0.872,,,12.05499286,,,15.18940674,,,5.425053917
210,data/pavan_full_stop,Right Shoulder,254,306,,,,256.30563,316.1795,0.9956464,,,254.4295907,316.7510033,0.999521255,,,251.789,312.123,0.907,,,10.43734401,,,10.75958268,,,6.509965438
211,data/pavan_full_stop,Left Elbow,371,331,,,,387.3158,331.05475,0.9840291,,,382.7022314,336.7753506,0.845650613,,,377.456,332.654,0.916,,,16.31589186,,,13.04978521,,,6.664506883
212,data/pavan_full_stop,Right Elbow,232,328,,,,205.13527,324.66248,0.9784629,,,213.8304055,323.6271381,0.849778175,,,230.123,323.789,0.848,,,27.07125335,,,18.68839442,,,4.610385016
213,data/pavan_full_stop,Left Wrist,408,332,,,,411.28168,304.7292,0.96193314,,,412.2266293,327.8073311,0.927612722,,,415.789,326.123,0.892,,,27.46754369,,,5.953391261,,,9.757440751
214,data/pavan_full_stop,Right Wrist,202,330,,,,187.98328,304.9014,0.95767766,,,192.4812913,312.5321865,0.960506976,,,190.654,320.456,0.901,,,28.74731573,,,19.89297171,,,14.8263162
215,data/pavan_full_stop,Left Hip,348,443,,,,330.70752,468.00665,0.99945503,,,327.2812486,474.3403912,0.999916196,,,349.123,480.789,0.887,,,30.40332891,,,37.56975883,,,37.80568277
216,data/pavan_full_stop,Right Hip,251,442,,,,272.5034,468.46307,0.9993931,,,268.3320701,472.02425,0.99989152,,,257.321,477.654,0.876,,,34.09824461,,,34.66779838,,,36.20998146
217,data/pavan_full_stop,Left Knee,336,583,,,,332.2607,582.6046,0.9987902,,,333.3251953,584.7388744,0.748997808,,,339.456,583.987,0.909,,,3.760147025,,,3.190339233,,,3.59417654
218,data/pavan_full_stop,Right Knee,261,580,,,,263.63782,582.18024,0.99876094,,,261.5479052,580.9559822,0.688350618,,,261.789,580.321,0.895,,,3.422212853,,,1.101863012,,,0.851799272
219,data/pavan_full_stop,Left Ankle,343,689,,,,341.4756,683.16705,0.9901097,,,340.0085092,689.3481255,0.910175979,,,337.654,687.123,0.914,,,6.028855701,,,3.011678732,,,5.665937257
220,data/pavan_full_stop,Right Ankle,263,679,,,,263.9328,680.5005,0.99031687,,,262.3080075,680.6466103,0.904898465,,,262.123,684.456,0.988,,,1.766809579,,,1.786107219,,,5.526035197
221,data/pavan_jesus,Nose,304,241,,,,303.96625,239.42802,0.99150664,,,314.0538812,241.5535212,0.998307467,,,305.123,240.456,0.908,,,1.57234226,,,10.06910682,,,1.247824106
222,data/pavan_jesus,Left Eye,313,236,,,,313.324,237.04674,0.963222,,,317.7629113,242.4982309,0.998455405,,,317.789,239.321,0.897,,,1.095737481,,,8.056818821,,,5.827826525
223,data/pavan_jesus,Right Eye,292,239,,,,292.20108,237.5283,0.9765743,,,300.7911801,241.9874191,0.999274909,,,293.456,239.654,0.912,,,1.485373373,,,9.284908249,,,1.596136586
224,data/pavan_jesus,Left Ear,329,258,,,,325.5097,254.37386,0.7453168,,,324.6072292,251.199913,0.9988361,,,334.321,257.987,0.885,,,5.032999641,,,8.095530735,,,5.32101588
225,data/pavan_jesus,Right Ear,279,261,,,,278.71945,256.6448,0.8346656,,,287.7427697,249.3725777,0.998748899,,,280.654,259.123,0.904,,,4.364226775,,,14.54761054,,,2.501768375
226,data/pavan_jesus,Left Shoulder,340,286,,,,349.53802,291.52167,0.99549854,,,352.715385,293.8174725,0.999610126,,,336.789,293.456,0.837,,,11.02101017,,,14.92628187,,,8.118032828
227,data/pavan_jesus,Right Shoulder,275,286,,,,259.2478,295.18976,0.99662364,,,260.3565931,287.5422955,0.99940145,,,264.123,288.789,0.889,,,18.23687182,,,14.72440287,,,11.22887572
228,data/pavan_jesus,Left Elbow,389,219,,,,395.41443,218.83655,0.9776063,,,392.3735261,217.7595377,0.956700683,,,396.456,224.321,0.919,,,6.416512147,,,3.594360172,,,9.159965993
229,data/pavan_jesus,Right Elbow,217,219,,,,217.34741,225.49086,0.98706996,,,220.4071283,213.4879351,0.9436481,,,212.789,220.654,0.882,,,6.500150556,,,6.480075873,,,4.524183573
230,data/pavan_jesus,Left Wrist,433,143,,,,427.9607,145.04951,0.9555205,,,432.9585314,142.9860592,0.974066615,,,441.123,146.987,0.916,,,5.440131959,,,0.043749202,,,9.048718031
231,data/pavan_jesus,Right Wrist,179,139,,,,185.06468,143.701,0.97351766,,,180.3767681,138.4472609,0.990462482,,,180.456,140.321,0.895,,,7.673313789,,,1.483580465,,,1.965954476
232,data/pavan_jesus,Left Hip,344,423,,,,331.95868,452.28577,0.999295,,,334.8152876,452.6507854,0.999805629,,,339.654,450.789,0.858,,,31.66464451,,,31.04074773,,,28.1267886
233,data/pavan_jesus,Right Hip,252,416,,,,274.5639,453.09857,0.999423,,,273.425138,450.2558231,0.999836206,,,253.321,444.123,0.877,,,43.4215785,,,40.40418242,,,28.15400806
234,data/pavan_jesus,Left Knee,320,573,,,,335.75717,563.2582,0.9959787,,,332.5023651,565.293932,0.897549093,,,320.789,568.456,0.903,,,18.52541696,,,14.68647739,,,4.611990568
235,data/pavan_jesus,Right Knee,271,570,,,,269.45312,557.2562,0.99700016,,,272.9120135,560.9357834,0.881637692,,,267.654,567.789,0.886,,,12.83733914,,,9.263682775,,,4.010515802
236,data/pavan_jesus,Left Ankle,315,665,,,,334.352,656.1362,0.96323603,,,319.8054314,660.4301929,0.938741684,,,311.456,667.123,0.908,,,21.28536714,,,6.631388023,,,4.131230446
237,data/pavan_jesus,Right Ankle,277,664,,,,281.4037,647.2825,0.97024566,,,278.9149225,661.4218712,0.943501949,,,278.789,672.456,0.879,,,17.28778123,,,3.211491285,,,8.643174012
238,data/pavan_karate_kick,Nose,180,276,,,,176.43695,272.5446,0.9866621,,,179.5967102,262.3821497,0.999101758,,,179.456,274.123,0.912,,,4.963377324,,,13.62382067,,,1.95424282
239,data/pavan_karate_kick,Left Eye,181,262,,,,187.99503,259.52252,0.948861,,,182.511431,261.2743616,0.999086261,,,181.789,262.654,0.905,,,7.420805337,,,1.676596158,,,1.024810714
240,data/pavan_karate_kick,Right Eye,166,265,,,,164.82364,264.60046,0.96762955,,,164.5680249,264.8489475,0.999368966,,,164.321,262.987,0.918,,,1.242358669,,,1.439920002,,,2.621299296
241,data/pavan_karate_kick,Left Ear,192,260,,,,201.7385,258.85608,0.54606706,,,180.4523528,262.5946999,0.999658346,,,192.654,264.321,0.904,,,9.805454361,,,11.83556607,,,4.370212466
242,data/pavan_karate_kick,Right Ear,145,274,,,,143.88269,268.11438,0.71173394,,,151.3448596,269.5139885,0.997932315,,,142.987,269.654,0.912,,,5.990734882,,,7.77055613,,,4.789560001
243,data/pavan_karate_kick,Left Shoulder,232,292,,,,219.91309,285.3403,0.98804677,,,227.0145714,297.3651648,0.999986172,,,226.123,297.789,0.895,,,13.80018107,,,7.323898614,,,8.249342398
244,data/pavan_karate_kick,Right Shoulder,127,331,,,,132.6996,332.46854,0.98712754,,,137.4581426,334.6268654,0.999830127,,,129.456,344.123,0.891,,,5.885749731,,,11.06918696,,,13.3508451
245,data/pavan_karate_kick,Left Elbow,308,335,,,,289.78168,326.06488,0.9606819,,,299.1990387,332.2482824,0.895887911,,,309.789,331.654,0.932,,,20.29146503,,,9.221109944,,,3.794237341
246,data/pavan_karate_kick,Right Elbow,121,416,,,,120.49448,421.75525,0.967823,,,128.8739204,408.1425667,0.86804229,,,117.654,406.321,0.877,,,5.777408851,,,11.12375303,,,10.241033
247,data/pavan_karate_kick,Left Wrist,293,323,,,,287.63248,331.58417,0.95438856,,,282.7737808,331.2933445,0.967014253,,,284.123,318.987,0.902,,,10.12414172,,,13.16643922,,,9.741935023
248,data/pavan_karate_kick,Right Wrist,138,401,,,,153.81357,390.75446,0.9727064,,,143.3831602,394.903779,0.876803339,,,143.789,397.654,0.903,,,18.84250742,,,8.132793137,,,6.686421838
249,data/pavan_karate_kick,Left Hip,274,378,,,,265.62445,422.26556,0.9975521,,,265.3100967,423.7853527,0.999900937,,,271.456,387.321,0.889,,,45.05096714,,,46.60271388,,,9.661934434
250,data/pavan_karate_kick,Right Hip,200,437,,,,202.24504,458.20807,0.99781173,,,217.5584793,453.7326336,0.999807894,,,198.321,464.987,0.951,,,21.32656648,,,24.25450932,,,28.03731817
251,data/pavan_karate_kick,Left Knee,337,389,,,,328.2874,420.2093,0.99843115,,,327.1395206,392.1739578,0.988013387,,,338.654,391.456,0.915,,,32.40262035,,,10.3587191,,,2.961022121
252,data/pavan_karate_kick,Right Knee,223,561,,,,215.98819,514.0131,0.99886644,,,223.4439254,559.1855526,0.898358524,,,217.789,568.123,0.896,,,47.5072021,,,1.867963897,,,8.825624624
253,data/pavan_karate_kick,Left Ankle,337,517,,,,342.85596,519.16864,0.9955533,,,342.6015615,522.5249767,0.940253317,,,335.321,524.654,0.902,,,6.244619041,,,7.867837036,,,7.835991131
254,data/pavan_karate_kick,Right Ankle,229,637,,,,231.75674,654.115,0.9960692,,,227.9226243,640.7037735,0.95607394,,,233.456,645.789,0.907,,,17.33559461,,,3.85728874,,,9.854057895
255,data/pavan_left_stretch,Nose,262,327,,,,267.11453,326.372,0.98546267,,,257.0368409,312.6098633,0.26563096,,,263.456,327.123,0.918,,,5.152941017,,,15.22199011,,,1.461186162
256,data/pavan_left_stretch,Left Eye,253,312,,,,269.0849,314.00305,0.95199156,,,258.9528143,308.508873,0.245363727,,,253.789,316.654,0.901,,,16.20913993,,,6.901011984,,,4.720406444
257,data/pavan_left_stretch,Right Eye,249,334,,,,255.9819,320.4911,0.95723706,,,249.320519,330.6890011,0.337141901,,,247.321,332.987,0.912,,,15.20648897,,,3.32647655,,,1.960920702
258,data/pavan_left_stretch,Left Ear,263,296,,,,280.72827,307.15662,0.6921031,,,267.2986686,300.6253242,0.354951024,,,263.654,299.321,0.906,,,20.94663999,,,6.314441887,,,3.384783154
259,data/pavan_left_stretch,Right Ear,247,347,,,,251.5226,327.0758,0.6569152,,,245.3858256,337.8746986,0.300981194,,,245.987,349.654,0.909,,,20.43104639,,,9.266967347,,,2.840754301
260,data/pavan_left_stretch,Left Shoulder,300,320,,,,324.1588,326.42096,0.9826849,,,322.6581931,305.8169365,0.991176367,,,317.123,328.789,0.819,,,24.99752677,,,26.73112428,,,19.24691274
261,data/pavan_left_stretch,Right Shoulder,256,358,,,,253.34555,365.70755,0.9929386,,,255.1983476,370.9706783,0.935999691,,,264.456,371.123,0.902,,,8.1518361,,,12.99542777,,,15.6114402
262,data/pavan_left_stretch,Left Elbow,247,262,,,,304.12592,265.44266,0.9585125,,,241.8357968,261.2501621,0.644176126,,,241.654,260.789,0.888,,,57.22956093,,,5.218357135,,,5.481444791
263,data/pavan_left_stretch,Right Elbow,192,347,,,,202.06696,338.3579,0.98671466,,,188.1285489,333.6594343,0.244339988,,,192.321,341.456,0.895,,,13.2676138,,,13.89096205,,,5.553285244
264,data/pavan_left_stretch,Left Wrist,155,236,,,,248.28174,228.34174,0.89114934,,,151.3590574,238.3961201,0.394808322,,,155.987,230.654,0.911,,,93.59557662,,,4.358652799,,,5.436348499
265,data/pavan_left_stretch,Right Wrist,138,265,,,,140.34888,287.9031,0.9620207,,,141.047743,260.6711626,0.184168115,,,144.654,268.321,0.906,,,23.02323233,,,5.294107135,,,7.436716816
266,data/pavan_left_stretch,Left Hip,400,460,,,,368.80646,495.83228,0.9982622,,,385.6595993,501.1131287,0.999019742,,,397.123,473.789,0.887,,,47.50778071,,,43.54235226,,,14.08593802
267,data/pavan_left_stretch,Right Hip,289,472,,,,305.56958,508.43604,0.9990062,,,312.4215961,504.2695045,0.999032378,,,297.456,501.123,0.908,,,40.026691,,,39.87345088,,,30.32578218
268,data/pavan_left_stretch,Left Knee,438,627,,,,426.27197,612.00446,0.9916351,,,424.1590261,609.2153549,0.273494571,,,431.654,620.456,0.915,,,19.03714547,,,22.535886,,,9.115681653
269,data/pavan_left_stretch,Right Knee,249,601,,,,257.75388,610.6958,0.99517304,,,260.1027846,609.474802,0.302985847,,,249.789,602.321,0.692,,,13.06288455,,,13.96760881,,,1.538688403
270,data/pavan_left_stretch,Left Ankle,443,691,,,,450.50385,701.82544,0.93597555,,,441.7881489,690.9590244,0.234176695,,,441.123,692.654,0.932,,,13.17186077,,,1.212543663,,,2.501768375
271,data/pavan_left_stretch,Right Ankle,192,686,,,,191.85382,686.11096,0.9569708,,,192.4047232,689.1736031,0.283103287,,,185.456,684.321,0.897,,,0.183523061,,,3.199305739,,,6.755958629
272,data/pavan_neck_stretch,Nose,283,200,,,,287.22968,196.04912,0.9834473,,,282.395196,191.550231,0.997571051,,,281.456,203.789,0.912,,,5.787887842,,,8.471386216,,,4.091510357
273,data/pavan_neck_stretch,Left Eye,282,190,,,,289.5903,182.86526,0.95752,,,285.548526,188.8238668,0.997189581,,,281.321,188.654,0.908,,,10.41715743,,,3.738358773,,,1.507566582
274,data/pavan_neck_stretch,Right Eye,266,205,,,,269.2257,194.72566,0.93701416,,,269.2783892,202.4017096,0.994161665,,,265.789,208.321,0.906,,,10.76880694,,,4.183174521,,,3.3276962
275,data/pavan_neck_stretch,Left Ear,297,187,,,,302.22296,191.20865,0.80298954,,,293.0761635,189.157939,0.998948634,,,293.654,184.987,0.894,,,6.707611049,,,4.478079185,,,3.904854031
276,data/pavan_neck_stretch,Right Ear,262,232,,,,258.64764,218.43849,0.6935475,,,263.3854151,211.9310379,0.985812068,,,263.123,228.456,0.903,,,13.96971263,,,20.11672475,,,3.717669297
277,data/pavan_neck_stretch,Left Shoulder,366,263,,,,345.652,272.21765,0.99597025,,,354.2415619,272.1468449,0.999961257,,,354.321,264.654,0.889,,,22.33844613,,,14.89716878,,,11.79553971
278,data/pavan_neck_stretch,Right Shoulder,259,242,,,,248.69127,253.26782,0.9940428,,,249.5941758,256.2076807,0.99767226,,,257.654,258.321,0.9,,,15.2719901,,,17.03900583,,,16.37640855
279,data/pavan_neck_stretch,Left Elbow,368,362,,,,364.17435,360.2823,0.9811319,,,364.5380974,361.6002798,0.960508406,,,371.789,359.123,0.919,,,4.193577376,,,3.484902577,,,4.757483579
280,data/pavan_neck_stretch,Right Elbow,181,186,,,,203.31819,204.02763,0.97402656,,,195.8217859,192.6217914,0.882634163,,,182.456,186.789,0.882,,,28.68966797,,,16.23371365,,,1.656036533
281,data/pavan_neck_stretch,Left Wrist,363,442,,,,357.9367,443.17407,0.96636057,,,360.8739495,443.2102203,0.962526143,,,363.123,442.654,0.904,,,5.197638623,,,2.446369529,,,0.665466002
282,data/pavan_neck_stretch,Right Wrist,267,158,,,,243.0876,156.89005,0.9560733,,,265.2137697,163.0319357,0.271991313,,,278.789,164.321,0.895,,,23.9381466,,,5.339568857,,,13.37667978
283,data/pavan_neck_stretch,Left Hip,339,430,,,,312.48712,440.44727,0.9994622,,,314.5748734,437.3081207,0.99989593,,,335.456,445.789,0.906,,,28.49698679,,,25.49500805,,,16.1818558
284,data/pavan_neck_stretch,Right Hip,232,416,,,,250.75204,436.82825,0.99934787,,,253.3623576,428.07827,0.999837637,,,229.321,428.654,0.889,,,28.02597014,,,24.5404753,,,12.93447939
285,data/pavan_neck_stretch,Left Knee,311,541,,,,301.4437,542.2675,0.9984769,,,310.1672888,546.3929653,0.353654325,,,316.789,546.123,0.912,,,9.639990972,,,5.456874828,,,7.730307238
286,data/pavan_neck_stretch,Right Knee,248,544,,,,254.32065,548.7014,0.99842876,,,245.7862973,538.7927055,0.421596557,,,247.654,541.789,0.897,,,7.877422065,,,5.658303207,,,2.237909069
287,data/pavan_neck_stretch,Left Ankle,308,646,,,,311.03638,648.7268,0.98918855,,,304.3483257,642.3944473,0.692841768,,,305.321,643.456,0.918,,,4.0810589,,,5.131738015,,,3.694452192
288,data/pavan_neck_stretch,Right Ankle,246,645,,,,238.87057,640.5659,0.9896539,,,246.0823417,641.8476105,0.703966618,,,249.789,641.123,0.902,,,8.395833189,,,3.153464742,,,5.421037724
289,data/pavan_surya_two,Nose,288,311,,,,293.8021,309.9834,0.8485535,,,295.6979692,314.8106098,0.998530388,,,292.543,308.678,0.934,,,5.890487244,,,8.589498062,,,5.102012642
290,data/pavan_surya_two,Left Eye,305,315,,,,306.6173,309.30286,0.81661236,,,296.5360165,316.0720825,0.998599112,,,305.123,316.789,0.961,,,5.922251554,,,8.531610529,,,1.793223355
291,data/pavan_surya_two,Right Eye,305,311,,,,298.40015,304.80167,0.55379695,,,298.397702,316.893363,0.999343812,,,303.456,311.234,0.894,,,9.054132471,,,8.849975514,,,1.561631198
292,data/pavan_surya_two,Left Ear,310,341,,,,312.67148,335.817,0.86723775,,,302.6211619,330.0159216,0.999256074,,,313.678,340.123,0.947,,,5.830977139,,,13.23243098,,,3.781112667
293,data/pavan_surya_two,Right Ear,310,341,,,,0,0,0.2945897,,,303.8004398,331.8303108,0.999245167,,,310.234,330.789,0.864,,,460.8481312,,,11.06877346,,,10.21368087
294,data/pavan_surya_two,Left Shoulder,295,357,,,,290.4143,369.8106,0.98342067,,,283.2585812,361.9612694,0.99993825,,,278.345,366.456,0.921,,,13.60662033,,,12.74657249,,,19.15215291
295,data/pavan_surya_two,Right Shoulder,295,357,,,,285.2221,366.53326,0.8788941,,,291.5612876,377.0719051,0.99876225,,,271.789,344.123,0.786,,,13.65614787,,,20.36433447,,,26.54369322
296,data/pavan_surya_two,Left Elbow,254,278,,,,233.27942,294.9184,0.97400856,,,257.5445831,273.3459473,0.999515772,,,255.678,272.345,0.958,,,26.75022793,,,5.8501518,,,5.89870401
297,data/pavan_surya_two,Right Elbow,254,278,,,,268.6368,301.39743,0.67871183,,,300.869,463.0576611,0.13195166,,,265.123,268.456,0.792,,,27.59847178,,,190.9006052,,,14.65636602
298,data/pavan_surya_two,Left Wrist,252,194,,,,244.65889,218.46658,0.8604179,,,255.3384125,193.9985394,0.995269239,,,249.234,190.567,0.899,,,25.54418589,,,3.338412843,,,4.408655691
299,data/pavan_surya_two,Right Wrist,252,194,,,,0,0,0.4225025,,,271.1552382,510.3417397,0.00536295,,,264.678,196.345,0.953,,,318.0251562,,,316.9211564,,,12.89304886
300,data/pavan_surya_two,Left Hip,288,503,,,,290.22772,526.3093,0.9972422,,,295.7538486,538.7991905,0.999992847,,,301.456,502.789,0.935,,,23.41551201,,,36.62928076,,,13.45765422
301,data/pavan_surya_two,Right Hip,288,503,,,,262.71527,525.17206,0.99227726,,,269.4099784,538.2944107,0.999978304,,,251.789,503.456,0.841,,,33.62912154,,,39.89090536,,,36.21387106
302,data/pavan_surya_two,Left Knee,375,646,,,,366.92773,631.0635,0.99050397,,,386.3868356,642.2754288,0.999920368,,,393.234,638.123,0.923,,,16.97823828,,,11.98050313,,,19.86267568
303,data/pavan_surya_two,Right Knee,165,603,,,,194.36333,616.44135,0.97462374,,,180.6711316,593.4342861,0.939297736,,,169.567,594.789,0.804,,,32.29357581,,,18.35993595,,,9.395637818
304,data/pavan_surya_two,Left Ankle,485,718,,,,479.07516,706.66376,0.9535905,,,474.7542858,710.9208584,0.999799669,,,489.678,712.345,0.912,,,12.79117142,,,12.45346961,,,7.339121814
305,data/pavan_surya_two,Right Ankle,222,699,,,,203.93741,688.9935,0.9192821,,,221.7821717,699.7788906,0.986495256,,,125.789,699.456,0.791,,,20.64914525,,,0.808776693,,,96.21208062
306,data/pavan_t_pose_variant,Nose,309,301,,,,310.04514,295.44293,0.9969441,,,315.218854,284.8305464,0.999917865,,,311.456,300.789,0.922,,,5.654497732,,,17.32412696,,,2.465047058
307,data/pavan_t_pose_variant,Left Eye,319,287,,,,317.55414,284.7051,0.97856116,,,318.0959344,284.5286608,0.999916077,,,313.123,286.456,0.645,,,2.712393251,,,2.63151139,,,5.90212377
308,data/pavan_t_pose_variant,Right Eye,296,289,,,,297.5532,285.14594,0.99279433,,,298.3676076,284.392333,0.999962449,,,299.789,286.321,0.887,,,4.155262774,,,5.180362981,,,4.64042692
309,data/pavan_t_pose_variant,Left Ear,330,281,,,,328.246,290.24,0.5799035,,,317.8622961,287.8423214,0.999939561,,,331.654,285.987,0.936,,,9.405004838,,,13.93345678,,,5.25413028
310,data/pavan_t_pose_variant,Right Ear,274,294,,,,275.45114,293.04013,0.8838398,,,282.4955821,290.1634932,0.999870062,,,271.432,294.123,0.777,,,1.739872902,,,9.321679036,,,2.57094399
311,data/pavan_t_pose_variant,Left Shoulder,356,335,,,,347.2589,341.87045,0.99550015,,,351.6761184,339.0412807,0.999979615,,,360.789,336.654,0.901,,,11.11799948,,,5.918437496,,,5.066580405
312,data/pavan_t_pose_variant,Right Shoulder,238,338,,,,255.92009,352.9865,0.9976714,,,245.144999,349.9139309,0.999938488,,,241.678,361.123,0.862,,,23.36075358,,,13.89218343,,,23.41368858
313,data/pavan_t_pose_variant,Left Elbow,433,346,,,,436.6753,348.5536,0.9789717,,,429.5403957,345.1007366,0.974354863,,,433.123,343.789,0.934,,,4.475343903,,,3.574567986,,,2.21441866
314,data/pavan_t_pose_variant,Right Elbow,169,387,,,,159.79997,388.28323,0.9931202,,,175.7505119,388.5588884,0.994220972,,,176.456,391.321,0.884,,,9.289092056,,,6.928170311,,,8.617596939
315,data/pavan_t_pose_variant,Left Wrist,506,339,,,,511.22192,340.4628,0.9458263,,,506.0681462,340.6476021,0.984164178,,,526.789,344.456,0.613,,,5.422935766,,,1.649010772,,,21.49303275
316,data/pavan_t_pose_variant,Right Wrist,94,415,,,,73.03705,412.85437,0.9819827,,,90.98129869,419.0532207,0.972092271,,,89.654,413.789,0.902,,,21.07247021,,,5.053825884,,,4.511567023
317,data/pavan_t_pose_variant,Left Hip,338,483,,,,331.52246,509.7017,0.99928826,,,327.1229625,509.6094608,0.999927163,,,333.456,496.123,0.927,,,27.47615889,,,28.74671026,,,13.88744271
318,data/pavan_t_pose_variant,Right Hip,250,496,,,,265.7838,516.213,0.9995141,,,275.5494118,520.2801704,0.999912262,,,261.789,500.654,0.879,,,25.6455398,,,35.2462639,,,12.67439296
319,data/pavan_t_pose_variant,Left Knee,397,575,,,,376.92615,597.22815,0.9949974,,,381.2173605,575.215435,0.960709751,,,398.123,570.456,0.918,,,29.95079475,,,15.78410979,,,4.680712018
320,data/pavan_t_pose_variant,Right Knee,244,632,,,,231.85074,628.28485,0.99701405,,,234.7309649,629.6906948,0.981500506,,,243.654,630.789,0.846,,,12.70459988,,,9.552376781,,,1.259459011
321,data/pavan_t_pose_variant,Left Ankle,347,687,,,,345.53146,664.47363,0.9440576,,,346.1935759,682.5026989,0.94748354,,,347.789,692.123,0.922,,,22.57418781,,,4.569030214,,,5.183401393
322,data/pavan_t_pose_variant,Right Ankle,120,700,,,,128.63426,714.2144,0.9546201,,,135.6122464,694.6680069,0.968590438,,,128.456,700.456,0.873,,,16.63128417,,,16.49764795,,,8.468286249
323,data/pavan_wicketkeeper,Nose,301,353,,,,301.45105,349.9508,0.9897423,,,307.8335881,340.9761429,0.999998808,,,301.456,352.789,0.923,,,3.082380045,,,13.83007833,,,0.502450993
324,data/pavan_wicketkeeper,Left Eye,311,339,,,,310.1576,339.5614,0.95623547,,,311.7687464,340.6317234,0.999998093,,,312.345,340.678,0.936,,,1.012327872,,,1.803743956,,,2.15051366
325,data/pavan_wicketkeeper,Right Eye,289,342,,,,290.93622,341.40167,0.9750456,,,290.7728612,341.1544085,0.999999166,,,289.789,341.234,0.894,,,2.026560307,,,1.964195012,,,1.099671315
326,data/pavan_wicketkeeper,Left Ear,327,339,,,,326.23383,340.45428,0.73171884,,,320.5369234,341.164875,0.999997497,,,325.678,337.456,0.912,,,1.643759954,,,6.816013712,,,2.032638679
327,data/pavan_wicketkeeper,Right Ear,275,347,,,,275.44147,344.28473,0.85472834,,,280.5650711,342.3967361,0.99999702,,,273.123,346.789,0.883,,,2.750924742,,,7.222191809,,,1.888822384
328,data/pavan_wicketkeeper,Left Shoulder,362,381,,,,346.59283,383.05444,0.9961046,,,350.4977703,389.6980286,0.999997973,,,348.456,385.123,0.907,,,15.54353921,,,14.42071388,,,14.15765041
329,data/pavan_wicketkeeper,Right Shoulder,251,380,,,,258.99228,386.79126,0.9978346,,,251.9516587,390.5525208,0.999998212,,,251.789,396.234,0.861,,,10.48798131,,,10.59534561,,,16.25316206
330,data/pavan_wicketkeeper,Left Elbow,342,457,,,,350.6548,458.71365,0.9839969,,,346.094048,460.6553078,0.981590629,,,350.123,450.456,0.921,,,8.822820375,,,5.488397226,,,10.43106251
331,data/pavan_wicketkeeper,Right Elbow,260,459,,,,257.27878,461.41632,0.99359375,,,256.5146863,463.7138844,0.994775414,,,261.456,456.789,0.876,,,3.639181313,,,5.862432683,,,2.647349051
332,data/pavan_wicketkeeper,Left Wrist,312,511,,,,310.2455,513.8163,0.9660572,,,311.9736314,515.270853,0.979624152,,,320.789,504.123,0.909,,,3.318104269,,,4.270934443,,,11.15973342
333,data/pavan_wicketkeeper,Right Wrist,291,515,,,,290.87796,513.40216,0.9833287,,,290.7914042,515.7450676,0.996612012,,,283.654,507.456,0.894,,,1.602493815,,,0.773716945,,,10.5297508
334,data/pavan_wicketkeeper,Left Hip,355,474,,,,336.23376,483.7566,0.99927396,,,327.5096297,473.158884,0.999992251,,,350.345,473.789,0.915,,,21.1509576,,,27.50323497,,,4.659779609
335,data/pavan_wicketkeeper,Right Hip,241,475,,,,267.1092,485.12283,0.99948263,,,272.2310543,477.2957325,0.999993086,,,241.123,476.654,0.882,,,28.00289292,,,31.31531799,,,1.658567153
336,data/pavan_wicketkeeper,Left Knee,380,564,,,,375.12048,574.6186,0.99607265,,,374.1580725,566.527462,0.963822722,,,377.456,558.123,0.92,,,11.68607639,,,6.365232237,,,6.40398821
337,data/pavan_wicketkeeper,Right Knee,220,569,,,,233.41779,575.85376,0.9974164,,,223.5791445,570.1593399,0.963352561,,,224.789,576.456,0.868,,,15.06688802,,,3.762225965,,,8.861515502
338,data/pavan_wicketkeeper,Left Ankle,391,650,,,,392.3378,652.1311,0.9689062,,,392.1976089,652.9981613,0.972789824,,,393.123,656.789,0.908,,,2.516206679,,,3.22850406,,,7.113202514
339,data/pavan_wicketkeeper,Right Ankle,219,653,,,,210.49512,652.706,0.97629297,,,216.4207935,651.4753342,0.97368753,,,216.456,656.345,0.877,,,8.509960036,,,2.996149512,,,4.202494616
,,,,,,,,,,,,,,,,,,,,,,,,,,,,,
,,,,,,,,,,,,,,,,,,,,,,Total_sum,6554.96056,,Total_sum,4312.193236,,Total_sum,2988.853665
,,,,,,,,,,,,,,,,,,,,,,Error,1832.776438,,Error,0,,Error,0
,,,,,,,,,,,,,,,,,,,,,,Final_sum,4722.184122,,Final_sum,4312.193236,,Final_sum,2988.853665
,,,,,,,,,,,,,,,,,,,,,,N,336,,N,340,,N,340
,,,,,,,,,,,,,,,,,,,,,,Average,14.05411941,,Average,12.68292128,,Average,8.790746073
,,,,,,,,,,,,,,,,,,,,,,Max Error,568.7670877,,Max Error,316.9211564,,Max Error,97.69467271
,,,,,,,,,,,,,,,,,,,,,,Min Error,0.183523061,,Min Error,0.043749202,,Min Error,0.15493547
